Gene_Name,D33_1,D33_2,D33_3,AD_1,AD_2,AD_3,rib1,rib2,rib3
Gm38292,2.21,9.18,1,18.11,17.03,23.01,2,0,1
Ets1,92.47,126,42,491,372,374,2206,991,1413
Atp6v0a1,121,215,169,915,665,844,891,3120,2482
Map3k8,13,17,13,72,56,79,317,212,332
Ivns1abp,299,439.81,283.55,2017.55,1393.47,1636.32,7179.74,4509.28,5197.14
Duoxa1,5,13,13,63,35,56,5,2,4
Fbxo30,45.09,69.4,31,278,202,243,872,380,505.05
Tmem170,4,7,3,32,18,20,80,96,73
Tppp3,40.08,78.91,154,531.87,380,457,38.05,61,68.06
Ppp1r18,48,47,58,316,199,256,1072,1220,1041
Oxsm,7.11,10.83,10,55,36,50,119.72,156.98,196.06
Hadh,1143.29,1854.43,1476.1,8219.11,6391.28,8032.92,837,824,1004
Ptrf,3706,4995,3511,23169,16895,21886,2261,1142,1616
Casp3,12,25,17,98,79,97,640,278,348
Myc,46,80,71,385,276,351,961,606,1017
Acbd4,243,386,338,1968,1394,1613,261,173,218
Rps6ka3,45,61,37,264,229,244,991,1013,1468
Mllt3,8,17,17,82,74,61,222,124,203
Reep1,4,9,3,35,21,27,149,76,93
Gm28438,1831.83,2241.97,1322.26,10688.73,7847.99,9521.05,459.08,1242.36,912.24
Rgs7,9,12,19,79,59,70,5,0,4
Gm36970,1,3,1,10,9,7,2,0,0
Notch1,54.89,51.44,25.13,271.33,176.58,242,645.19,751.46,1016.06
Tab3,8,8,7,32,37,53,221,188,222
Ccr5,6.82,12.83,3.48,39.46,41.25,42.73,109.99,163.85,146.29
Gstt2,76,102,139,613,531,557,73,58,54
Wnt5a,20.01,40.37,35.02,191.01,160.02,165,431,593,372.66
4-Sep,87,138,92,659,488,570,110,56,20
Inpp5a,38,59,50,311,199,289,1412.72,998.49,1074.81
Msrb1,15,42,21,172,118,134,507,734,566
Acaa2,406,502,541,3045,2133,2748,191,428,507
Aqp11,10.21,13.92,10.09,63,43.5,81,16,4,4
Stmn1,8,25,14,102,73,85,414.18,303.58,487
Asah2,10,10,5,49,35,55,159,113,143
Adam10,62,70,46,396,294,306,683,1067,1111
Atp6v1b2,150.63,266.62,174,1225.27,927.59,1161.08,2094.01,6216.64,7316.03
Aox1,83.72,101.55,47.66,530.31,385.22,400.54,51.02,33.01,71.05
Klhl24,86,99.06,55,538,379.93,447.05,1747,795.01,1049
Gm7180,0.99,3.47,1.06,15.4,8.03,7.99,1.22,0,0.96
Rassf9,1,6,6,29,19,26,2,1,1
Mogat2,26,34,9,160,103,131,9,1,7
Ppif,16,49,24,180,136,193,283,688,317
Tbc1d31,17,28,9,127,73,110,334,192,340
Pla2g2d,21.27,17.74,6.82,92.31,87,86.21,13.43,6.81,8.26
Ugp2,204,338.98,173,1546,1248.99,1378,3167,3586,2904
Ptafr,46.67,59.64,13.51,256.27,185.81,259.24,365.52,1577.76,1083.11
Uhmk1,46,65,36,328,237,296,906.2,1258,1717.84
Usp25,35,66,43,349,242,257,813,1218,1231
Gm38257,6.2,13.7,1.03,44.62,36.57,42.09,4.2,0,4.15
Hdac9,3,10,3,35,30,30,77,107,102
Plekhm1,52,69.82,76.94,471.53,349.43,371.05,807.97,2195,1558.95
Etv3,30,72,52,354,256,315,610,879,882
Serpinb8,16.61,29.33,22,147,117.97,144,113,410,397
Il7,7,2.12,3,24,28,21,2,2,1
Gm4737,38.13,26.5,9.73,157.92,125.35,166.37,372.97,414.47,451.24
Tbc1d2,10,22,13,93,66,115,83,276,221
RP23-170C11.4,3,12,1,35,24,39,2,0,1
Rtn4,286.62,409.07,285.72,2277.79,1627.68,2150.42,5276.47,4632.64,5559
Ldhd,63.54,120.18,88.41,618.97,454.85,643.49,32.83,21.15,27.12
Vkorc1l1,42.12,50,32,274,205.52,309,507,610,628
Vcl,63.29,100.06,113.61,666.42,470.88,626.4,1745.18,927.78,1377.84
Tst,68,124,140,815,577,736,21,60,31
Gm12216,14,23,18,131,90,133,19,13,3
Dpyd,26,31,11,176,115,147,8,2,4
Chml,7,9,4,46,42,41,125,77,148
Gm37084,3.01,7.01,4.99,34,27,36,5,1,1
Cdkn2c,307,471,332,2738,2028,2419,192,110,241
Rai2,17,29,38,223,163,162,16,7,8
Pvr,29,32,21,203,135,198,430,281,481
Selplg,21.71,11.74,5.41,84.84,61.34,108.33,209.49,567.19,415.92
Sntg2,1,4,2,21,10,15,3,0,0
Tigar,3,6,8,47,24,41,77.95,175,139.99
Cdr2,19,25,26,186,117,160,296,445,436
Ell2,79.01,91.16,44,532.35,418.61,473.95,3109,1430,2361
Cdh13,49.14,53.51,143,631.13,455.22,550.29,50,23,66.99
Gm9951,2,3.23,1,21.31,6.01,14.28,1,0,0
Nampt,137,188,93,1045,753,1000,1883,1960,2849
Slc12a5,1.31,2.02,1,13,5,11,52,49,33
Vac14,39,65,79,480,308,439,297,1184,857
A730049H05Rik,7.31,3.03,2,32.85,27.66,22.88,0,3.8,0
C1galt1,18,27,13,147,120,129,562,550,690
Gadd45a,15.57,59.74,48.1,291.94,250.38,300.74,959.32,307.15,511.31
She,22.41,36.28,8.04,178.04,141.61,137.64,13.4,8.86,10.13
Tnfaip8l2,6,5,3,36,28,32,67,358,155
Uhrf1bp1,46,56,23,310,245,310,719,577,846
Scp2,1624,2380,1446,14191,10654,12913,1326,1299,1271
Hist1h3f,1,3,1.09,16.45,8.44,10.41,0,1.8,0
Herc6,6.91,12.56,8,66.99,53,72.17,420.53,565.76,345.65
Recql4,3.02,3,1,24.68,13.18,12.04,85.85,41.05,69.49
Meox2,30,34,53,296,230,314,47,14,28
Dock11,18,43,15,207,144,196,344,511,790
Unc93b1,62,124,123,881,578,770,1048,3829,1913
Rassf5,4,7,8,47,45,46,187,139,164
Ppa1,178,309,201,1913,1348,1742,2439,6291,2305
Mfsd12,75,123.61,124,909.74,630.78,806.75,1017.63,3875.18,3258.18
5730508B09Rik,8,17,3,84,60,60,124,234,265
Tifa,7,12,4,63,42,63,195,506,387
Ptgir,9,8,4,71,54,29,80,85,129
Map3k5,29,34.33,18,205,177,216,806,824,690
Gsta4,38,48,73,443,349,400,7,6,12
Irak3,11,19,11,110,83,115.61,163,265,415
Frmd4a,10,12,7,87,55.45,76,290,652.42,558.9
Ehd2,1493.11,2608.39,1885,17601,12692.17,14939.19,1548,1160,1543
Erlin1,26,40,34,299,205,254,344,571,688
Rel,12,12,6,79,55,94,186,265,707
Ttc7b,22,42,22,252,197,206,568,583,551
Tuba4a,30.69,20.96,29.15,229,163.02,223.38,340.12,654.02,608.21
Pidd1,3,9,4,56,31,35,69,96,62
Csrnp1,20,15,14,124,99,153,319,180,572
Gm6277,5,2,5,33,24,36,5,2.04,2.03
Pawr,8,4,2,37,36,36,231,117,119
Pilra,4.97,1.47,2.95,27.36,16.53,29.8,81.26,89.83,60.24
Hnmt,31,50,22,326,234,250,11,14,39
Bid,8,10,5.13,63.98,47,71.26,102,396.37,238.34
Slc12a7,32,62,45,441,305,358,693,1134,1004
Map3k1,48,93,17,448,385,425.16,1373,837,1514
Lama5,6,7,10,75,55,54,742,154,232
Il34,23,33,52,320,248,303,44,10,18
Adssl1,4,6,15,75,58,69,278,516,786
Edem1,93,173,122,1267,853,1033,2794,3854,5376
Gys1,91.29,142.77,99.21,1055,753.13,914.53,3116.99,1323.27,3039.56
Ifih1,15,18,26,187,130,167,386,805,925
Nudt7,72.51,137.2,74,868,664,810,62,63,75
Il10ra,8,7,8,61,44,87,167,696,599
Osr2,6,14,20,131,89,115,6,5,1
Fcgr2b,14.65,20.03,19.98,185.82,126.52,146.92,289.87,753.74,829.34
Il18bp,6,10,7,81,42,76,97,197,91
RP23-133I9.7,6.98,9.12,2.75,68.09,42.19,53.56,1.3,3.79,0
Gm16042,2.18,0.55,0.67,7.87,10.67,11.04,60.08,59.77,44.47
Bnip3,574,843,396.99,5888,4560.93,5333,12721.38,5068.46,10071.97
Ncaph,2,2,5,30,28,21,115,155,181
Myo1b,20.98,39.66,49,401,261,308,915.16,344.14,885.88
Cd37,6,5,13,68,57,88,225,969,671
Znrf2,20,24,11,181,151,157,421,753,765
Rb1,37,56.29,28.51,404.96,323.57,354.87,508.91,601.82,635
Stap2,5,3,5,48,32,37,91,49,54
Shc2,1,3,1,19.01,12,14,93,37,83
Tyrobp,34,26,28,289,211,297,591,2660,1802
Hist1h2ba,0,1.51,2.05,11.22,8.21,12.92,1.5,0,0
H2-DMa,16,18,18,165,131,179,260,315,168
Gja1,83,111,87,1016,695,856,8944,867,2904
Gpr35,2.19,2.22,0.48,21,10,14,102.12,104.96,159
Ampd3,11,20.47,14,162,121.06,136.06,617.41,1227.79,1843.22
Baz1a,14,8,1,86,54,73,473,495,723.63
Gstz1,553.95,970.88,540,7328.99,5176.99,6675.99,334.18,365.2,331.66
Adamts5,87,168,246,1744,1350,1578,196,15,122
Btg1,296.06,404.08,272.28,3439.62,2623.1,3022.37,10349,4782,7875
Evi2a,6.87,15.96,9,113.74,81.16,106.61,198.75,798.99,608.41
Prrt4,4,6,17,95,77,84,2,3,4
Atp10d,27.66,46.3,28,348.44,254,365.85,905,633.01,339
Gm5177,2.17,1.4,0,8.7,7.52,17.73,0,0,1.02
Snn,10,20,8,146,97,121,215,229,144
Rassf2,25.98,29.62,22.07,288.72,212.68,246.02,202.01,1024.94,578.87
Esr1,66,111.16,99,1026,764,890,27,9.02,34
Gm37653,1,7,0,25,28,25,2,1,0
Slc26a10,10,7,5,95,48,72,4,0,4
Alox5ap,5,10,17,130,78,107,280.9,1169.83,1165.92
Olfm1,26,50,70,559,385,504,1039,282,634
Arap2,13,26,10,178.11,130,180.01,402,152,140
Ralgds,50,78,97,873,615,765,874,1628,1807
Ptpre,16.04,9.05,7,126,81,116,562,743.88,944
Slco2b1,29.65,47.52,44.64,459.91,352,438.69,568.42,628,389
Fabp5,259.55,290.27,225.68,2968.51,2133.98,2865.93,1071.04,8299,4416
Lnx1,5.17,12.62,16.98,147.14,100.91,111.7,12.03,7.64,4.46
Adamts12,4,6,6,64,49,53,118,133,129
Notch3,12,6.46,11.4,137.74,78.77,93.64,253.87,102,162.83
Tifab,4,1,2,41,16,16,96,343,157
Gm14584,0.93,2.47,0,16.3,8.03,11.27,113.25,84.18,109.12
Icosl,2,4,4,41,24,40,92,143,602
Nbeal2,5,10,3,73,67,50,132,182,165
Pld4,21,18,21,254,188,193,342,2484,1101
Slc44a3,28.51,26.71,12.99,268.71,200.59,254.6,8,2.17,3
Hvcn1,3.56,7.7,22.01,129.04,105.1,119.67,378.83,1033.06,928.61
Isg20,5,9,13,110,74,104,809,518,471
Nfam1,8,11,3,95,72,69,239,1036,796
Fosl2,23,28,18,303,176,266,2673,1186,3967
Pstpip2,1,5,3,28.94,23,46,72.94,179.54,216.81
Pgrmc2,29,61,35,532,424,409,1626,971,1418
C1qc,58,56,64,722,536,696,695,6520,3536
Gm13889,1,1,1,8,13,12,117.27,43,157.65
Gm16163,0,0.89,4.44,28.73,14.48,15.43,0,0,2.49
Irgm2,5.5,19.63,16.56,183.76,111.03,166.11,326.54,496.96,335.42
Tap1,26,52.64,59,594.91,422,506.09,603.95,1037.98,552.83
Ccr2,5,5,9.01,80.08,66.03,65.48,69.5,129.15,111.03
Mest,139,233,173.47,2310.39,1745,2096.63,4446.92,2551.18,5709.5
Vnn1,7,13,7,109,88,109,389,359,256
Stat1,37.43,89.89,68.01,830.96,639.56,743.48,1566.06,2610.48,1166.04
Neurl1b,1,1,3,26,16,15,117,60,102
Aplp1,1,2,1,19,11,16,160,47,56
Klhl13,36,66,34,591,444,535,3184.88,4410.1,1441.41
Chrdl1,87,120,129,1487,1142,1261,2901,4194,3491
Rac2,12.35,19.16,6.92,179.75,135.75,135.49,626.62,1677.57,1398.06
Parp9,16,51,48.69,514.76,396,448.87,418.85,722.44,471.72
Taco1,7,4,4.59,66.92,53,63.78,90.73,132.77,105.48
Pyroxd2,10,36,15,267,236,218,752,746,333
Sla,2,7,3,59,31,52,50,119,121
Car13,17,41,13,327,221,294,218,514,485
Sulf2,75.59,152.97,56,1341.74,945.08,1095.18,1263.25,994.08,2430.24
Coro1a,19,12,37,293,229,296,577,2104,1651
Nes,4,9,13,129,79,105,638,391,283
Serpina3c,169.33,141.21,51.7,1625.61,1221.63,1554.75,41.06,2.81,75
Aif1,4,2,4,48,43,31,116,366,142
Fcgr3,11.28,13.67,17.46,211.89,152.62,163.03,282.86,1908.42,1447.2
Fgf11,3.1,1.02,0,23.02,13.98,14.32,109,75,106.01
Rasal3,0,0,2,13,7,5,38,154,115
Akr1b8,9,15.33,30,250.05,179,251,441.35,2295.68,2411.17
Hist1h4h,5.57,5.81,22.76,167.92,138.9,120.75,9.13,0,8.23
Tfpi,14,10,14,195,143,142,140,266,231
Tpsb2,0,1,2,13,9,16,77,131,179
Gcnt2,16.01,12,6,178.93,95.82,163.2,316.17,459.18,240.63
Gm13212,1.16,1.07,2.29,17.87,13.22,27.23,71.23,122.98,166.48
Rnf125,32,57,34,647,410,537,43,6,19
Lamc2,0,1,1,10,9,7,60,43,93.05
Ddx60,2,6,3,57,45,42,249,711,310
Ltc4s,78.9,81.95,75,1234.89,860.94,994.69,8,37.97,17
Jag1,27,38,18,429,295,364,225,512,846
Slc16a6,1,10,2.59,68.96,48,61.4,125.56,334.18,312.97
Ccdc67,1,1.1,0,14,9,5,1,0,0
Tstd3,16.12,19.56,2.77,199.99,125.76,189.43,185.76,165.03,127.81
Lrrc8b,7,7,8,117,94,85,83,126,176
Cnksr1,7,4,6,83,52,94,202,139,63
Nkain4,0,2,2,24,9,21,0,0,1
Agmo,40.34,51.78,15,560.03,395,499,23.14,14,20
Il4ra,26,42,68,707.8,506,636,1189,1446,1311
Ugt1a7c,6.14,13.9,5.96,137.15,108.03,111.44,224.79,924.85,676.75
Ptp4a1,582.02,1006.46,375.57,10286.2,7948.53,8710.6,19232.67,9077.18,8030.57
H2-Q1,0,1.39,1.51,17.53,8.52,14.24,76.73,46.64,39.53
Rgs14,1,1,0,13,7,8,61,198,100
Tmem106a,11.79,42.57,47,513,374,537,491,2622,1338
Gja4,5,5,11,104,80,115,4,5,4
Esyt1,117,202.71,199,2888,1909.94,2588.96,1869.13,2382.36,2195.41
Plk2,41,70,49,880,645,757,2870,1154,2242
Tmem37,12,28,9,257,160,285,72,496,339
Jak3,27.55,26.8,9.19,334.07,268.47,310.4,1635.83,1022.4,502.21
Gm12002,2.32,2.98,1,39.03,25,27.02,2.05,0,0
Dock10,6,6,3,82,61,74,126,473,902
Ackr1,1,2,7,60.99,35,49,1.63,0,0
Tes,5,6,8.19,110.96,75.4,92.07,286.82,273.07,319.85
Dok2,5,5,11,117,76,112,86,475,264
Ddo,14.24,13.41,6,173,128,188,1,2,0
Ptpro,3.24,3,5.01,60,58,46,101,568,337
Stom,72,131,62,1446,1076,1348,1945,1167,1321
Apcdd1,4,6,7,81,63,106,81,56,125
Lair1,2,4,1,36,30,37.04,41.04,85.94,142.91
Stk10,8.59,5.29,7,146,66,96,651,841,634
Sfrp4,1,5,7,67,57,68,77,30,72
Lmo2,4,3,7,71,61,76,225,942,644
Xlr,0.99,1,0,17.81,7,5,22.6,82.94,93.38
Cldn22,2,5.23,2.75,51,45,54,0,0,1
Pira2,1.5,1,1.69,11.89,27.67,23.49,69.68,148.31,338.43
Plekha2,24.02,24.91,23.01,415.51,299,370.73,650.71,868,1052.59
Gbp6,11.75,18.07,6.89,197.92,156.82,200.64,121.71,192.56,331.25
Dtx3l,23.92,27.95,15.91,402.44,282.77,342.06,520.27,880.05,622.71
Trp53i11,16.92,41.55,27,505.73,357,435.19,810,186,169
Neurl3,3.49,10.12,3.18,90.02,71.96,93.02,78.02,212.01,255.05
AI662270,2,1,2,35,22,19,102,330,272
Pygl,129,237,134,2933,2090,2656,3089,2172,2408
Rtn4rl1,17,35,21,449,290,384,15,13,22
Anxa3,27,30,17,448,292,399,1333,1467,1269
Ppp1r15a,96,141,119,2014,1498,1973,2016,898,2505
Kcne4,2,4,1,36,26,46,107,39,90
Gprc5b,14.74,18.47,14,266.49,197.93,264,219.64,800,639
Adgrd1,1,7,13,122,72,131,107,83,108
Kif23,0,1,1,9,13,9,104,68,183
Gpr1,1,0,3,20,27,15,0,1,0
Sirpb1c,0.99,0,1,9.17,13.79,7.9,32.54,91.01,47.84
Rtp4,3,8,6,98,70,96,475,950,405
Kcnj8,9,17,20,272,219,227,6,4,12
Csf1r,43,59,84.69,1159,807.06,952.09,2121.89,10016.58,7980.66
Cybb,16,19,20,315,229,317,1267,2871,3110
Rbm38,1,2,13,100,56,95,125.42,181,141
Tagln,4,11,7,131,93,122,220,130,71
Pdgfb,2,2,1,24,25,30,117,236,555
Spry4,5,6,16,156,114,157,196,145,175
Ccng2,24,49,22,568,410,537,1295,517,1099
Stx11,1,1,1,19,17,12,166,180,394
Plau,1.63,7,13,120,95.14,132.03,396,2256,2483
Hoxd3os1,1,3,3,41.88,25.66,44.93,1.49,0.5,1
Sp100,17.36,29.17,1.97,291.52,211.57,277.38,304.33,1170.06,374.42
Slc2a4,158,249,156,3333,2459,3292,75,23,84
Tm6sf1,6.25,12.98,2.21,123.56,105.81,121.19,139.24,546.81,557.8
Atp8a1,7,14,15,205,177,208,73,208,229
Acss2,181,329.44,157,4181.55,2980.98,3798.44,142,146.85,123
Siglece,0,1,1,8,7,18,54,71,46
Fgf1,18.02,17.89,21,347,260,333,20,7,7
Cysltr1,0,4.07,1,41,17,26,51,129,126
Spi1,12,7,13,191,139,207,653,2597,2248
Cytip,2.01,2.01,2,43.08,25.02,33.01,58,46,37.02
Clec2d,0,3,0,23,10,17.67,114,336,258
Gbp5,3.04,2.05,2.47,58.18,39.62,30.24,295.65,354.38,1221.16
Kcnk13,1,1,1,18,18,15,20,125,114
Kif1a,0,1,0,6,3,8,29,32,42
Mknk2,80,89,118,1915,1315,1664,1728,2087,1424
Parp10,22.49,18.25,21,415,290,359,489,1178.48,418
Ncf4,5,4,4,87,56,82,411,1277,575
Ywhag,214.16,335.32,260,5303.83,3805.4,4978.83,3017,4033.05,4018.96
Cebpb,17,35.73,60,767.76,629.03,596.36,4963.96,3445.55,5611.2
Agpat2,644,1079,930,17662,12361,17148,357,460,343
Cyp4f18,0,2,1,16,15,23,20,39,40
Aldh1l1,129,175,86,2787,1930,2377,102,84,80
Sema4a,11,24.12,18.35,361,285.2,330,242,435,296
Slc16a10,32,30,24,610,430,532,343,1213,1214
Ccrl2,2,7,11,131,96,139,329,651,2355
Lyz2,376.67,253.77,336.33,6660.5,4751.05,6314.93,6746.49,40545.88,25673.64
Cyth4,14,5,18,257,215,210,405,1901,1390
Cadps2,2,6,5,96,57.01,87,0,5,4
Cd300ld,9.08,6.02,3,135.9,81.93,116.82,29.81,102.97,105.74
Tagap,2.17,1.73,5.01,75.99,40.64,48.2,52.56,78.18,69.01
Gatm,4,7,6,113,82,123,151,977,551
Sash3,4,2,1,34,30,67,79,446,262
Cyp4v3,35,54,33,919.98,623,749,248,759,667
Dusp6,31,39,62,966,690,832,429,1056,755
Btk,0,1,3,30,23,23,95,489,440
Ly86,1,2,1,35,22,19,43,162,97
Tmigd1,1,2,0,24,18,15,0,1,0
C1qa,32,38,57,910,639,865,945,6336,3240
Dusp5,8,5,10,195,120,125,779,184,356
Zc3h12d,1.01,0,0,8,4.01,8,33,65,92
Clec12a,3,5,7,110.17,68,120,125,250,355.05
Mgll,582.96,1025,1226,21275,15224,19904,199,294,203
Clec4a1,3,6,2,90,59,70,345,1381,763
Parp14,8.22,2.55,10,163,101,150.01,884,2888,2031
Gpr132,0,0,1,11,4,5,51,92,120
Ebf3,1,2,1,31,18,31,67,64,71
Cd93,19.42,24.2,10.42,397.07,296.74,387.96,306.2,1903.9,2036.09
Asns,49,93,74,1644,1230,1502,2477,1238,2542
Plaur,5,5,3,95,77,92,517,655,1001
AW112010,24,22,20,526,373,445,689,238,402
Itih5,121.76,218.07,313.42,5215,3798,4427,127,92,156
Ctla2b,1,1.05,2,32.75,20.6,31.47,40.95,382.67,206.65
Bcl3,5,3,3,81,67,83,790,341,940
Cma1,1,2,0,23,17,23,88,90,159
Gm13703,0,1,1,23,8,11,1,0,0
Ppargc1b,2,9,6,134,102,122,29,54,132
Hbb-bt,14.67,10.21,18.62,330.26,246.79,339.41,366.9,62.18,145.59
Nfil3,17,16,22,412,340,413,516,224,363
Lcp1,22.93,27.77,19,607.96,435.37,435.2,2974.58,7621.56,9588.45
Ucp2,68.31,82,110,2028,1546,1975,1207,3966,3074
Hdc,1,2.02,1,33,27,26,126,95,133
Cd48,1,4,2,52,50,49,89,259,547
Adap1,2,6,4,101,64,94,134,605,390
Dock2,3,1,8,103,71,87,177,1171,1166
Ltb,0,1,0,7,8,7,38,22,38
Abcg1,7,13,11,264,174,246,336,1856,839
Gmfg,4,0,2,55.51,36,42,111,329,171.37
Skap2,17,25,6,394.07,323,352,979.13,1412.01,1490.05
Cfh,21,18,19,542.72,324.83,442.81,562.67,903.85,1270.16
Fasn,2408,3897,2037,74882,53248,61387,1304,1668,1714
Hgf,1,3,1,44.92,38,31,7,31,45
Hlx,6,12,3,170,103,212,582,547,345
Foxs1,1,1,1,32,19,19,34,17,36
Phf11d,4.92,2,4.64,114.42,68.56,86.89,446.77,777.53,291.97
Fzd4,68,75,76,2014,1397,1801,57,17,81
Cth,3,8,2,115,86,114,405,113,653
Gm8995,2,5,5,128.01,64.63,100.19,429.25,844.31,962.27
Gbp7,11,22.17,25.77,522.41,406.51,517.65,429.39,364.83,438.75
Clec4a3,3,4,3,87,81,79,133,329,264
Grap,12.05,5,8,232,170.59,218.03,48,292,161
RP23-281H4.12,2.03,3.13,2,61.59,50.81,65.94,2,2.92,0
Dennd1c,1,0,1,18,18,14,71,221,127
Gm43270,1,1,0,21,14,15,1,0,0
3110043O21Rik,21,57,30,1017,819,890,439,604,841
Igtp,5,19.64,14.2,378.67,249.58,352.72,376.62,847.29,289.4
Fermt3,2,4,6,97,93,115,454,1887.92,1623.93
Cd86,2,3,2,73,45,60,89,249,204
Bcar3,32,52.14,36,1193,842.13,1021.43,195.33,663.92,616.33
Adap2,5,3,5,132.79,90,108.71,121.66,610.24,392.32
Heg1,31.96,42.97,19.03,956,659.02,800,1104,330,430
Afap1l1,7,7,20,346,208,321,152.1,254.61,208.79
Apobr,2.9,4,3,99,74,82,271.04,709.89,683.74
Lfng,3,3,3,86,57,89,182,445,553
Sntb1,8,25,12,464,304,402,2,5,8
Art3,77,108.99,49,2297.03,1734,2079.01,46,73.01,18.02
Abi3,4.45,4.11,1,84.5,73,92.37,84.84,226.08,182.08
Lcp2,3.02,3.01,1,53,56.03,75,285,895,1438
B3gnt3,1,0,3,44,27,34,180,159,123
Tubb4a,0,0,2,21,15,17,33,77,54
Tmc7,0,1,1,22,17,14,14,10,15
Col4a1,157,188,251,6370,4555,5205,3082,1421,4141
Col18a1,22.02,16.83,39,828,613.94,670.01,630.14,1516,1568
Mbp,3,13.09,16.01,312.26,215.66,344.11,409.61,553.94,481.37
Nfkbid,3,3,0,67,47,49,52,105,244
Gpt2,93.33,112.97,81,2996,2187,2628,1704,1155,2105
Lilra6,2.06,0,0.81,38.46,17.59,22.27,72.76,293.28,261.42
Acss3,11,12,2,267,193,224,6.98,0,3.02
Tbxas1,4.31,4.77,4.27,147.13,106.68,114.64,132.64,420.66,360.07
Tspan15,14.59,26.84,28.71,745.54,499.27,696.15,25.08,7.24,7.24
Adamts1,36,49,89,1841,1282,1702,1988,1255,2189
Ttyh2,29,54,33,1221,885,1117,728,1314,1010
Cd83,4,7,10,216,149,219,124,383,692
Oasl2,2,3.34,3,95.01,67,71,836,2199,732
Gm15551,4,6,2,141,102,94,2,0,1
Lctl,23.68,22.48,23.35,787.33,527.94,651.29,11.7,3.37,16.44
Tinagl1,18,33,34,904,709,798,1758,243,339
Mmp12,9.23,14.99,1.04,277.3,184.03,265.15,376.24,276.93,1575.96
Tnfrsf1b,4.02,3.06,8,180,135,122,1144,3583,5879
Lamb1,23,39,44,1220,846,1007,485,263,640
Hoxd8,2,2,0,38,33,45,14,5,38
Hhex,1,3,3,74.12,55,74,73,134,94
Ccl9,24.43,27.4,7.65,666.79,483.17,600.69,572.44,2483.89,3519.82
Itgb2,10,11,10,339,246,329,736,2753,2869
S1pr3,2,4,4,104,68,125,213,159,216
Casz1,2.91,2.04,1,66,55,56,42.22,34.17,37.13
Csf2rb,0,8.45,12.8,252.88,155.59,225.81,618.9,2267.27,1554.54
Myo1f,2,1,7,108,69,122,693,4242,2593
Dusp9,0,0,2,22,16,22,62,110,168
1-Mar,1,1,1,28,34,28,78,119,119
Rassf3,8,6,6,241,172,188,531,606,457
Oxtr,21.4,26.64,34,948,648,870,3,1,4
Trim30d,1,1,1,34.58,26.24,29.36,157.84,351.43,290.27
Angpt2,1,6.28,6,167.94,106.93,125.01,57,126,117
Arhgap27,7,1.34,3,134.41,86,121.53,77.61,205.19,210.94
Il21r,0,1.06,0,13,8,11,98,403,140
Cfp,8,18,12,462,310,394,420,1203,1041
Col15a1,18,12,31,743,544,585,713,1139,857
Aqp7,86.64,105.9,15.11,2404.06,1842.87,2182.9,14.8,9.49,9.92
Ifi203,2,5.29,2,119.96,79.15,90.41,646.87,921.52,936.35
Abcc3,4,5,3,151,109,118,224,1392,1180
Gm15448,0,0.99,0,13.84,7.04,10.71,19.88,99.2,69.67
Tdrkh,2,5,6,164.53,118.29,135.67,44.27,111.7,100.62
Rbm47,16.88,33.88,12,747.18,592.64,712.49,150.12,630,624.92
Naalad2,1,2,1,40,33,58,47.74,16,37
Mreg,2,2,0,44,34,54,14,18,20
Arxes2,190.04,277.29,152.22,7876.35,5712.26,7056.98,78.18,64.54,129.38
Tlr7,1,0,2,33,40,27,193,1010,910
Rcan2,0,3.02,1,53,29,52.02,103,95,80
Gm15931,0,0,1.65,19.12,17.15,19.09,60.45,249.06,257.09
Pfkfb3,54.13,111.81,124.09,3687.23,2746.77,3352.59,2433,1468.01,4026.02
AI467606,2,0,3,65,58,46,190,254,181
Ccl11,5,5,4,180,132,162,0,0,3
Prelid2,1,0,1,31,22,16,161,118,139
Klhl2,7,16,8,413,262,410,259,243,275
Lyn,5,13.67,3.01,287.87,192.18,279.74,558.77,1406.51,1283.74
Cd38,9.11,12.3,4.08,347.35,259.57,286.58,225.26,176.66,244.74
H2-Q4,4.54,11.69,4.82,298.19,194.4,250.61,1272.79,1087.49,831.3
Arhgap18,13,14,13,531,386,518,127,382,425
1700001L05Rik,1,1,0,30,12,31,112,36,95
Ebi3,1,0,0,12,12.72,11.87,94.73,328.31,219.82
Chd7,6,8,5,262,202,237,683,537,539
Rgs4,7,7,3,226,199,204,51,122,80
Sema6b,2,2,5,113,91,133,271,213,238
Adgre1,6,10,3,275,195,246,1686,7696,4748
Cpa3,0,1,0,22,8,8,45,61,70
Fads3,29,60,67,2287,1710,2011,1555,699,1313
Tnfsf10,3.21,4.23,2.01,144.89,110.66,111.33,70.52,158,30.6
Mrc1,10,13,16,605,440,488,549,4764,5386
Samsn1,0,0,1,13,12,15,60,117,117
Kcnj2,0,1,0,11.05,14.01,15,82,69,131
Sort1,36,40,35,1798,1228.9,1466,1528,3092,1576.51
Nfkbiz,20,30.04,8,885,668.44,836,959,409,3178
Inafm2,22,20,5,729,549,674,608,379,448
Atg9b,0,0,1,19.29,15.21,7.12,154.68,30,119
Cyp27a1,8,4,3,236,175,214,83,165,102
Adm,1,7.17,5,209,164,179.01,751,155,631
Fcrls,7,2,3,189,151,171,103,1280,911
Klra2,0,1.02,0,22.91,7,14,20,25,17
Gbp3,3,10.83,7.23,350.59,230.2,326.35,289.61,358.93,353.8
Dtx4,3,7.02,6,268.02,207.05,217.99,173,712,819
Ccr1,2,1,1,76,40,58,343,732,1125
Slc10a6,1,1,4,112,59,91,39,41,55
Cd163,4.05,7.15,7.05,327.41,227.09,245.01,23,200,143
Adgre4,0,2,0,27,30,31,9,15,2
Rarb,0,3,0,51,39,43,28,9,10
Nos2,1,1,1,43,42,49,506,255,3305
Trib1,42,57,20,2140,1514,1795,622,820,682
Rasgrp1,1,0,0,26,9,10.95,32,36,60
Socs3,31,30,30,1623,1165,1475,1006,347,2314
Gm12840,9.12,18.18,13.07,693.15,502.77,698.09,1111.59,297.65,1449.17
Ccl7,2,0,2,82,49,59,141,936,1843
Rassf6,0,2,0,34,26,35,41,6,25
Casp1,1,6,1,150,107,129,142,539,491
Mmp19,4.04,5.16,5.12,262.77,207.93,221.11,136.85,480.18,479.37
H2-Eb1,37,28,43,1980,1367.31,1892,7,34,31
Sp110,1.84,1.19,1.2,69.71,60.81,76.01,174.91,555.4,175.43
Ugt1a8,2.09,0,0,39.45,21.43,41.45,54.75,78.41,67.74
Apol6,38.41,74.95,35.91,2897.55,1961,2545.94,20.26,13.02,16.4
Nrros,11.01,2,2,267,213,266,412,2207,1087
Tlr8,1,0,0,24,6,20,69,344,266
Irf8,5,5,5,285,214,253,333,1446,671
Plin4,263,372,160,14836,10618,14872,54,17,249
Psmb9,8,8,3,365.94,249.38,351.78,122.06,322.17,96.19
Irs3,8,17,14,730,561,752,3,7,6
Pltp,35.8,52.34,71.37,3124.18,2206.52,3029.44,2487.32,4238.1,2641.75
Otof,0,1,0,17,17,19,5,12,1
Pik3ap1,0,1,1,40,37,30,347,1134,1266
Syngr1,4,4,3,235,161,201,126,1031,444
Ikzf1,2,1,1,95,59,64,157,524,403
Cd52,0,1,2,54,44,66,59,149,113
Zeb2,25.11,16.08,18,1278.08,905.67,1053.18,823.93,1879.57,2633.73
Gm15922,1.5,0,0,40.97,15.88,25.43,231.16,896.3,944.59
Gbp8,1,0,0,16.77,13.51,24.68,6.52,14.33,4.45
Mpeg1,3,9,7,412,309,340,3080,13519,8920
Casp4,2.09,2.03,0,75.34,62.47,92.59,206.01,241.02,396
Pilrb2,0,0,1,28.13,12.24,15.95,19.62,12.53,12.87
Eif4a-ps4,0,0.01,28.33,671.28,433.36,501.39,2559.88,3943.99,3730.65
Phf11b,0,1,0,17.79,16.81,22.37,155.63,414.63,98.68
Plac8,0,1,0,22,18,17,149,38,70
Fcor,14,11,8,732,496,663,6,4,2
AI607873,2,1,2,108.72,94.13,85.83,454.98,1814.09,1242.03
Pmaip1,0,1.01,0,18,29,12,47,100,85
Xdh,9,5,5,411,307,397,395,1437,878
Cd53,1,3,6,222,173,201,399,1304,1427
Rgl3,2,0,1,59,52,68,293,164,171
Hck,1,1,0,51,32,37,321,875,693
Itgae,0,1,0,23,20,17,6,2,6
Rarres2,45.88,68.63,66.6,4008.43,2973.57,3993.19,45.89,8.35,31.09
Gimap6,11.46,6.01,4.64,523.69,356.84,466.91,220.4,96.07,85
Arhgap25,0,1,3,90,63,91,103,436,256
Tnfrsf13b,0,1,0,21,12,28,51,192,215
Cd274,2.38,4.66,2.01,223.11,161.7,168.87,398.99,709.76,1406.02
Rapgef5,2,0,2,79,67,99,24,73,128
Tspan13,8,19,13,949,713,789,399,456,176
Emilin2,4,3,11,443,300,366,1018,2866,2991
Trim14,3.07,0,1,99.97,76.64,75.15,89.38,367.85,169.88
C920025E04Rik,0.24,0,0.79,19.31,18.3,26.17,323.47,66.55,184.12
Sp140,2.71,2.46,0,110.89,75.36,136.32,136.78,499.1,307.37
Cyp1b1,0,0,2,50,36,39,189,88,436
Gbp6,0,0,6.37,184.01,81.97,133.69,218.79,291.95,117.55
Srgn,2,14,4,476,363,418,427,630,527
Mlkl,4,0,1,125,80,119,129,280,206
Folr2,5,7,2,346,255,315,175,1509,684
F11r,9.66,9.45,14.01,844.29,542.34,781.76,257.42,91,94
Gm12250,0,2,0,38,42,51,47,126,62
Amy1,38.71,80.53,26,3655,2718,3215,28,10.26,2
Pcdh1,1,5,5,266,198,264,461,80,144
Abca8a,3,3,3,227.9,166.95,204.93,61,79.52,98.73
Cpt1b,6,6,0,332.73,227,241,65.94,95.95,87
Ier5,5,8,10,610,422,515,1379,1073,1414
Ppp1r3b,7.12,2.02,3,308,236.23,274.01,545,742,824
Cd300lb,2,1,1,120,66,84,179,1008,823
Dach1,0,0,1,27,21,20,183,305,56
Cd79b,0,0,1,21,22,26,23,65,20
Adam12,2.93,6.04,5,398.32,270.01,320.7,222.1,119.41,268.43
Serpine1,12,3,4,525,370,464,1749,450,2391
Tmem255a,0,1,0,32.38,15.69,23.53,110,26.44,83
Tnip3,0.99,0,0,22.03,37.01,12.01,46,106,197
C2,10.06,14.37,2.67,738.38,580,644.94,351.56,1386.16,503.56
Pik3cb,8,4.18,5.18,481.92,359.83,460,398.04,590.65,1101.37
Gm26809,146.54,147.78,114.93,11397.88,8696.53,10941.07,35114.82,10866.17,36032.3
Dennd2d,0,2,2,121.1,89.36,98,33.65,55.88,35.6
Ctsc,14.16,13.04,16,1294.31,942.16,1140.91,1105.01,1707,1980.19
Hoxc9,2.11,1.91,0,145.42,80.06,92.66,56.01,28,23
Esm1,0,0,1.01,31.01,22,28,25,17,17
Itga7,6,11,19,1092,795,1001,1511,747,706
Ptger2,1,0,0,39,20,22,27,69,36
Ccl24,1,1,2,118,86,122.07,36,63,8
Ifi27l2b,2,0,0,51,40,73,1,0,0
Rsad2,1,0,4,125,126,160,1272,3714,4385
Als2cr12,1,1,0,63,55.04,47.2,0,1,0
Selp,1,1,1,99.18,60,93.95,23.61,1,60
Themis2,1,2,2,154,123,145,239,1030,274
Ret,3,1,4,282,185,210,124,49,68
Slfn5,3.11,3.29,3.77,334.53,232.61,296.13,504.1,1741.8,996.55
Gbp10,0,2,1,77.2,87.13,92.03,120.5,115.11,33.14
Zfp36,83,103,71,8331,6128,7547,2632,1778,6371
Itgal,1,0,0,21,25,40,121,275,150
Prkch,2,4,2,281,177,232,122,344,576
Epsti1,0,1,0,37,21,29,210,489,203
Rasgrf2,3,3,1,242,176,191,55,37,38
Gpd1,191,314,143.58,21897.77,15792,19774,22.22,20,12.68
Adgrf5,12.01,11.91,8.03,1147.16,824,914.42,688,311,287
Ttc9,0,0,1,36,29,26,9,7,26
Gbp4,0,7.19,1.33,300.3,243.58,240.42,104.39,143.35,54.51
Parm1,6,10,16,1157,769,1027,313,526,228
P2ry1,0,1,0,25.43,35.71,32.43,21,16,12
Junb,96,83,132,10735,8293,10169,5659,2101,5747
Parvg,1,0,0,39,26,29,67,206,120
Slfn8,0,0,1.7,58.09,40.07,62.47,286.6,694.12,571.74
C3,39,75,33,5468,3858,4723,1401,1208,1096
Dnmt3l,0,0,1,32,30,36,17,18,38
Lhfpl2,11,19,18,1848,1340,1521.09,559,1583,1848
Arap3,1,3,1,188,132,172,379,568,590
Krt79,1,1,2,153,126,115,1,0,0
Clec7a,0,1,1,91,53,56,35,89,78
Clec10a,1.2,2.17,3,242.51,167.59,237.13,166.68,1087.51,391.59
Gda,4.03,3.02,1,325.14,222.05,277.46,113.73,95.08,147
Coro2a,1,0,0,33.17,38.07,31.24,126,380.74,269.79
H2-K1,190.33,238.03,216.57,24917.06,17518.34,23713.06,3508.84,3635.13,5029.18
Gpr156,0,1,0,39,24,40,20,6,2
C5ar1,4,2,3,333,276,319,308,1606,1894
Klf14,1,0,1,79,49,81,46,21,32
Tmem71,1,0,0,40,25,40,17,12,24
Hoxa7,2,2,0,151,127,144,240.14,231.46,221.97
Ptprc,0,4,0,170,127,134,587,1473,1893
Aldh1a7,17.07,14.19,7.11,1616.73,1195.92,1431.54,4,4.95,6
Tnf,0,0,1,48,28,35,208,623,10936
Pcdh12,0,1,0,34,39,38,10,1,8
Sh3tc1,3,7,10,884,669,778,95,314,321.94
Wt1,0,1,0,48,40,30,10,1,5
Tbx3,1,2,2,237,161,209,131.71,28,164
H2-Q5,0,2.01,0,95.86,66.27,89.76,35.14,77.5,81.78
Sh2b2,2,5,10,849,573,727,267,279,451
Clstn3,0,4,2,271,195,295,63,44,45
Gm29371,0,0,2,91.97,60.45,101.72,632.06,141.77,638.95
Cd209b,2,0,1,167,95,121,0,1,0
Bank1,1,0,0,55,28,46,5,9,17
Ugt1a6a,8.06,5.41,16.04,1442.85,1066.83,1378.77,72.94,257.93,148.04
Chchd10,2,11,35,2405,1698,2234,463,366,489
Gm12505,0,1,0,48.28,42.91,42.73,91.44,15.7,73.26
Irf4,2,0,2,210,144,186,20,27,43
Glb1l2,25,21,24,3641,2696,3213,15,5,9
Dusp2,1,0,0,49,42,55,59,63,191
Wfdc21,1,0,1,107,90,96,43,6,12
Gbp2,7,7,10,1371.25,943.94,1214.21,513.95,635.78,499.83
Eepd1,8,24,17,2849,1970,2547,198,546,275
Gbp9,0,2.81,1,224.72,160.42,202.84,314.29,417.77,212.41
Eci3,2.08,2.05,2.03,360.18,262.34,335.16,3.96,0,0
Msln,0,0,1,48,58,52,3,1,12
Gm15519,1.41,6.57,2.51,644,461.33,591.63,0,1.38,3.02
Hal,3.01,0,1,265.84,165.3,219.96,93.07,1270,874
Ptk2b,0,2,4,396,264,320,284,650,649
Rgs16,1,0,2,193,129,168,236,81.83,379
Gpr160,1,0,3,241,184,230,43,106,79
Cldn5,25,14,57,6001,4271,5498,26,15,20
Tmem88,1.03,0,3.04,247.49,175.8,250.02,49.72,9.3,30.13
Gm29408,0,0,1,53.81,56.84,57.85,407.65,115.88,510.14
Gm6484,0,4,0,246,185,254,1,1,0
Clic5,1,1,1,214,164,137,60,48,59
Ucp3,1,2,3,392,257,388,2,0,1
Chst1,12.08,12,19.05,2761.41,2013,2692.1,419,103,101
Pde2a,5,9,6,1398,1001,1162,90,192,165
Gm8818,1.27,0,0,77.57,65.92,83.73,0,4.63,37.49
Tnfaip2,1,1,0,128,98,133,1783,3866,8131
Gm14548,0,1.05,0,63.03,41.37,88.68,94.53,423,313.26
Tppp,3,0,2,387,266,309,12,32,37
H2-Q10,7.71,9.79,12.22,2100.05,1564.4,2114.79,160.81,115.82,140.64
Tgtp1,1,0.55,3,313.74,296.83,274.91,68.35,86.26,17.2
Slc16a12,0,1,0,73,49,73,4,7,26
Psmb8,4,4,9,1243,900,1175,365.67,1078,526.53
Nav3,3,0,0,237,164,207,47,22,69
Trim30a,0,1,0,86.42,49.76,66.64,623.77,1729.35,978.2
Ankef1,1,6,3,774,630,672,2,0,0
Rbp7,2.77,5.2,0,603.31,490,563.01,0,0,1
Ccl2,2,0,0,155,119,142,325,1809,3820
Gm6644,2.37,1.79,0,339.91,263.2,272.28,46.4,10.51,0
Iigp1,0,4,3,603.91,425.93,491.89,246,262,142
Ggt5,2,1,0,243,177,234,107,63,68
Gca,1.01,0,0,86.85,61.98,71.96,25.88,32.98,16
Nabp1,8.54,17,7,2818,2150,2447,140,193,235
Otop1,1,1,0,153,138,183,1,0,0
Atf3,15,10,10,3279,2382,2983,1573,1788,3055
Ugt1a6b,0,10.69,0,1010.23,711.21,921.26,40.84,112.94,73.88
Cd300lg,12.02,11.02,8,2899.01,2146,2705.82,5,0,3
Kcns3,1,2,2,494,366,409,2,0,1
Hk2,2,5,3,1018,680,847,2421,1435,2970
Adora2a,0,1,0,91,63,103,52,58,83
Mmp9,1,2,0,305,251,238,5085,3437,13570
Steap4,13,22,23,6196,4287,4978,12842,2496,5647
Acsm3,0,5.94,1,726.96,561.43,630.84,50.61,93.42,10.83
Epor,0,1,0,101,68,111,22,119,52
Nlrc5,0,0,1,123,74,96,79,189,117
Sycp3,1,0,1,230.94,198.62,213.65,17.77,9.54,6.12
Ifi47,0,1,0,134.93,83,119.97,176.99,498.63,189.63
H2-Q6,5.14,5.58,0,1380.07,987.78,1262.47,196.83,262.25,159.89
Adig,2,8,10,2647,1889,2370,3,1,3
Ifi205,0,1,0,147.89,91.04,109.26,180.37,515.39,466.1
Fcna,1,1,1,401,270,390,126,1587,398
Tenm4,4,6.49,3,1997,1406,1539,233,131,471
Flt1,1,5,1,1053,758.34,803.02,69,40,82
Pdk4,8.13,2.08,3,1984.6,1441.06,1702.07,644.01,325.5,154.22
Acp5,9,14,19,6252,4382,5900,1240,1211,5866
Gm4070,1,0,0.52,355.08,94.76,184.5,525.99,820.98,169.06
Slc28a2,3,0,0,505.62,345.76,413.51,26.98,39.29,32.03
Gm10851,0,1,0,154,109,166,8,0,12
Ighm,8,4,4,2675,1846,2468,120,29,61
Thrsp,36,132.03,43,36427,25806,33245,2,2,0
Ffar4,0,2,0,398,272,334,1389,100,265
Plbd1,0,3,3,1180,863,1114,171,161,97
Tgtp2,0,3.45,0,648.94,528.17,651.09,16.62,69.74,11.8
B3galt2,4,5.68,1.17,2216.73,1746.22,1886.45,436.72,124,155
Gm14085,0,0.38,0,74.38,53.24,78.49,3.02,9.71,4.97
Cyp4b1,3.81,3,1,1769,1233,1614.81,2,0,2
Gvin1,1,0,0.52,253.2,396.79,293.47,514.69,848.41,922.55
Agpat9,2,7,2.71,2710.65,2156.11,2558.57,290.74,165.58,178.5
Mmd2,0,0,1,228.96,187.88,233.4,5,1,9
Ednrb,0,1,1,516.04,400.78,454,464,1509,1590
Kcnk3,1,0,0,255.28,211.13,227.89,14,4,1
Nat8l,0,1,1,567,357,478,9,51,16
Dusp4,0,0,2,570,424,487,78,158,604
Gata6,0,1,0,275,233,239,19,8,14
Cd209f,1.45,0,0,421.48,282.38,386.02,1,24.78,6
Fos,26,49,39,35983,26123,34275,1864,1246,2479
Hp,11,6,6,7740,5533,7401,2577,302,1526
Slc2a5,0,1,0,343,239,327,49,66,42
Sox17,0,1,0,353,269.96,286.06,10,7,9
Mfng,0,2,2,1402,1022,1315,33,85,38
Lpl,145.19,111.83,75.8,137158.29,101733.02,128897.03,1236.27,4099.18,6209.81
Egr2,0,3,0,1413,996,1191,118,137,161
Adtrp,0.26,0,0,114,83,118,3.22,0,3
Tdrp,1,0,1,1058,725,939,9,17,2
Enpep,0,0,2,1250,860,989,32,10,31
Cyp2e1,20.64,19.49,2.27,33433.87,24056.76,29126.56,4.48,1.87,2.28
Nnat,2,4,5,11231.34,8048.23,10206.12,77,36,40.26
Cd36,19,26,13,65982,50093,60086,2503,19004,20477
Slc36a2,0,1,0,3429.94,2549.92,3129.93,70.97,57.72,44.94
Retn,5.05,4.95,1,46925.13,34197.91,42326.24,0,2.57,0
Adipoq,2,2,14,111274,80230,104321,3,1,0
Pck1,0,3.04,0,26373.07,19095.68,24349.18,0,1,0
Cidec,0,3,2,54883,38464,50605,0,1,0
Inmt,3,1,1,50,27,35,0,0,0
Gm12892,0,0,0,89.86,69.32,83.2,78.28,97.81,63.09
Gm17024,0,0,0,15,12,11,14,10,13
Ifitm6,0,0,0,29,9,29,32,12,20
Pilrb1,0,0,0,30.74,23.18,12.67,15.33,14.25,18.46
BC023105,0,0,0,15.17,15.63,21.6,11,19.76,6.84
Gldc,0,0,0,22,17,19,14,6,13
Hoxb5,0,0,0,33,20,30,23,14.68,9.44
Atp1a3,0,0,0,423,296,359,84,298,187
Ms4a4b,0,0,0,23,7.56,20,3,11.67,9.91
Syt14,0,0,0,19,21,22,5,18,7
Card11,0,0,0,18,11,17,8,8,5
Tnfsf13b,0,0,0,15,4,10,4,3,4
Hrh2,0,0,0,21,14,16,8,6,5
Gm17334,0,0,0,20.05,26.18,21.13,7.1,4.06,13.46
Ccr7,0,0,0,32,20,30,4,11,13
Cd300e,0,0,0,7,7,13,4,2,3
Timd4,0,0,0,40,19,35,7,18,5
Mal2,0,0,0,61,46,50,31,11,8
Serpina1b,0,0,0,354.99,231.86,337.77,181.83,77.73,11.4
Hoxc5,0,0,0,145,120.45,151.17,44,31,46
Rtn4rl2,0,0,0,28,24,27,7,10,4
Drd1,0,0,0,7,10,10,2,2,3
Bend7,0,0,0,16,10,18,3,5,3
Hapln4,0,0,0,25,20,36,7,3,10
Chst13,0,0,0,17,9,15,7,2,1
Myo5b,0,0,0,13,7,14,5,1,2
Hcar2,0,0,0,848,614,754,153,61,296
Sytl3,0,0,0,10,16,11,1,3,4
Fam150b,0,0,0,9.17,7.06,12.04,3.01,1,2
Syce1,0,0,0,9,6,9,2,1,2
Fam57b,0,0,0,87,50,75,7,17,20
Rprml,0,0,0,26,23,17,7,4,1
Upk1b,0,0,0,32,15,20,1,5,6
Gm16026,0,0,0,17,20.6,19.33,0,6.15,3.47
Gm15433,0,0,0,46.92,28.63,37.03,3.55,15.22,0
Il27ra,0,0,0,24,17,20,3,2,5
Serpina1e,0,0,0,58.8,41.09,32.36,16.65,4.67,0
Dusp26,0,0,0,34,24,30,8,3,2
Rhbg,0,0,0,114.99,83.37,123.09,28.39,14,1.97
AU021092,0,0,0,20,9,17,4,0,2
H2-Ob,0,0,0,10,8,13,2,2,0
Egr4,0,0,0,20,14,14,1,4,1
Hist1h2bb,0,0,0,19.19,10.32,7.61,1.37,3.15,0
BC035044,0,0,0,28,13,33,4,0,5
Hoxa9,0,0,0,104,70.61,83,17,6,8
Trac,0,0,0,14,17,30,3,1,3
Gm9696,0,0,0,10,11,6,1,2,0
Gm6736,0,0,0,71.03,69.09,98.15,22.62,0,2.19
Itgad,0,0,0,26.91,13.25,22.75,4,1.54,1
C130026I21Rik,0,0,0,328.06,249.61,265.53,17.48,48.23,17.32
1200007C13Rik,0,0,0,18,22,26,3,1,2
Gm25788,0,0,0,9,6,7,1,1,0
Akr1c12,0,0,0,8.45,10.87,6.07,0,1.13,1.13
Gm9899,0,0,0,12.03,10.04,13.13,1,0,2
Gm20478,0,0,0,22.22,23.25,19.72,1.3,0,4.15
Rtp3,0,0,0,46.48,40.48,39.28,4.57,3,2.25
Nkg7,0,0,0,23,13,20,3,0,1
Gata3,0,0,0,45,37,39,5,2,1
B430219N15Rik,0,0,0,72.04,60.43,55.96,6.72,2.19,3.4
Hpd,0,0,0,9,9,13,2,0,0
Adh4,0,0,0,9,14,8,1,1,0
Adcy10,0,0,0,28,22,14,1,2,1
Usp43,0,0,0,17,14,17,3,0,0
Hist1h3e,0,0,0,38.55,18.83,34.56,3.81,0,1.62
Ap3b2,0,0,0,20,18,13,0,3,0
Pitx1,0,0,0,20,12,7,1,0,1
Alox15,0,0,0,59,50,71,1,8,0
Cxcl9,0,0,0,777,610.64,694.01,26,21.92,55
Cyp2c44,0,0,0,12,11,18,0,1,1
Pkp2,0,0,0,1317,965,1280,27,59,85
Hoxc10,0,0,0,103,66.55,73.83,4,3,4
Ripk4,0,0,0,160,95,105,12,0,4
Adcyap1r1,0,0,0,67,49,68.05,1,1,6
Adra1a,0,0,0,259.04,172.12,216.02,8,2,17.85
Lrrc3b,0,0,0,23,16,19,2,0,0
Igha,0,0,0,157,89,139,6,7,0
Higd1b,0,0,0,27,29,39,3,0,0
Nxnl1,0,0,0,64,40,55,1,4,0
Fam71a,0,0,0,39,26,33,3,0,0
Cxcl13,0,0,0,25,18,25,2,0,0
C6,0,0,0,356,278,329,11,12,2
Dmrt2,0,0,0,1342,912,1069,23,48,7
Slc6a13,0,0,0,448,331,460,3,14,3
Fam110c,0,0,0,344,257,274,10,3,1
Disp2,0,0,0,136,98,131,3,2,0
Apol10b,0,0,0,101.98,61.97,68,2,0,1
Hoxa10,0,0,0,255,229,191,4,2,0
Mc2r,0,0,0,348,212,260,1,1,4
Jchain,0,0,0,268,228,297.98,3.59,1,1
Ubd,0,0,0,145,119,120,0,2,0
2610016A17Rik,0,0,0,272,176,219,1,0,1
Car4,0,0,0,498,337,352,0,0,3
Klb,0,0,0,1239,870,1068,0,3,3
Ucp1,0,0,0,711,516,641,1,2,0
Slc7a10,0,0,0,3634.28,2576.71,3211.94,6,5.17,3.03
Lgals12,0,0,0,1739,1283,1519.4,2,2,2
Akr1cl,11.35,14.58,0,55.01,34,54,0,0,0
Gm14519,9.94,2.92,6.72,43.38,36.9,31.63,0,0,0
Gm13709,0,3,1,8.81,6.86,10.92,0,0,0
RP23-82I13.6,20,44,8,208,156,155,0,0,0
Gm38009,2,4,1,19,19,19,0,0,0
Gm37219,2,2,1,22,16,5,0,0,0
mt-Te,7,8,8,80,61,94,0,0,0
Rnase2a,1,0,1,12,10,3,0,0,0
BB365896,4,5,0,39,32,42,0,0,0
RP24-67N3.4,2,0,0,9,11,9,0,0,0
Fam217a,0,4,0,18,24,23,0,0,0
Gm3289,2,0,0,22.87,10.74,11,0,0,0
Sptlc3,0,1,0,8,10,12,0,0,0
Gm20659,12.08,0,0,181.54,126.05,120.27,0,0,0
Ggt6,0,1,0,9,8,20,0,0,0
Gm11730,0,1,0,18,9,12,0,0,0
Asb12,0,2,0,32,24,29,0,0,0
Bcl2l10,1,0,0,23,12,13,0,0,0
Hspd1-ps4,2,4,1.01,244.52,188.25,196.24,0,0,0
Chrna2,0,1,0,37,29,47,0,0,0
Cd209d,1,0,0,92,53,59,0,0,0
Upk3b,0,1,0,190,149,150,0,0,0
Ces1d,10,13,7,23620.46,16954.5,22499.09,0,0,0
Ces1f,2,0,1,3624.54,2637.66,3187.91,0,0,0
Cfd,5,3,7,348464,251013,354803,0,0,0